"last_name","first_name","contact_id","email"
"Abbagnale","Brandi",6074,"brandi.abbagnale@tele2.fr"
"Abbott","Sergio",4951,"sergio.abbott@moore.net.au"
"Accardo","Ivan",5342,"ivan.accardo@web.de"
"Ackermann","Pauline",2100,"pauline.ackermann@arredondo-roque.com"
"Acosta","Valentine",4838,"valentine.acosta@peters.net"
"Adams","Sam",2676,"sam.adams@yahoo.com"
"Adinolfi","Dulce",1908,"dulce.adinolfi@hotmail.com"
"Alba","Ingeborg",3715,"ingeborg.alba@hotmail.com"
"Albert","Walli",2140,"walli.albert@dussen.com"
"Alcala","Lina",2900,"lina.alcala@vespa.net"
"Alcaraz","Gianmarco",2225,"gianmarco.alcaraz@zacchia.net"
"Alexander","Rafael",6217,"rafael.alexander@jenkins.com"
"Alfieri","Randy",1542,"randy.alfieri@verri.org"
"Alfonsi","Adela",3978,"adela.alfonsi@despacho.com"
"Ali","Julia",2653,"julia.ali@yahoo.com"
"Allen","Pellegrino",4529,"pellegrino.allen@gmail.com"
"Almaraz","Nanni",1300,"nanni.almaraz@martin.com"
"Alvarez","Nathalie",4181,"nathalie.alvarez@live.com"
"Amaldi","Ettore",5663,"ettore.amaldi@germain.com"
"Amaya","Douglas",5177,"douglas.amaya@favata-brenna.net"
"Ammaniti","Krystal",2623,"krystal.ammaniti@barbier.fr"
"Anaya","Aaron",4762,"aaron.anaya@hotmail.com.au"
"Anders","Daniel",5645,"daniel.anders@yahoo.com"
"Andersen","Katie",5821,"katie.andersen@haney.com.au"
"Anderson","Christian",3564,"christian.anderson@tim.it"
"Andre","Richard",1495,"richard.andre@porras.org"
"Angiolello","Aurelia",2338,"aurelia.angiolello@lord.com"
"Anguillara","Nuray",1537,"nuray.anguillara@yahoo.co.uk"
"Angulo","Ippazio",5219,"ippazio.angulo@yahoo.com"
"Anichini","Irene",2384,"irene.anichini@yahoo.com"
"Antoine","Sophie",4269,"sophie.antoine@andersen.com"
"Antonioni","Theres",1261,"theres.antonioni@hotmail.com"
"Aponte","Eleni",4388,"eleni.aponte@club-internet.fr"
"Aporti","Deanna",4327,"deanna.aporti@bouygtel.fr"
"Arellano","Ludovica",1791,"ludovica.arellano@morandi-argento.com"
"Armani","Gary",1639,"gary.armani@web.de"
"Armas","Chantal",3290,"chantal.armas@jenkins.net"
"Armenta","Guenther",6155,"guenther.armenta@free.fr"
"Armstrong","Clara",3057,"clara.armstrong@vodafone.it"
"Arnold","Korinna",1907,"korinna.arnold@zapata-saenz.biz"
"Arreola","Karina",5810,"karina.arreola@yahoo.com.au"
"Arroyo","Andrea",5201,"andrea.arroyo@yahoo.com.au"
"Aumann","Marc",3386,"marc.aumann@holland.com"
"Austin","Lucas",3731,"lucas.austin@gmail.com"
"Avila","Gabriella",2878,"gabriella.avila@gmail.com"
"Avogadro","Karen",4087,"karen.avogadro@yahoo.com"
"Ayala","Gabrielle",5288,"gabrielle.ayala@hotmail.com"
"Babati","Arcelia",2097,"arcelia.babati@orange.fr"
"Baca","Wilfriede",5126,"wilfriede.baca@caraballo.com"
"Bachmann","Mitchell",5075,"mitchell.bachmann@suarez-cruz.com"
"Badoer","Jonas",3336,"jonas.badoer@kennedy.biz"
"Baeza","Diether",5100,"diether.baeza@grupo.biz"
"Bajardi","Graham",1321,"graham.bajardi@yahoo.com"
"Baker","Leon",3540,"leon.baker@hotmail.com"
"Barbe","Gottfried",4109,"gottfried.barbe@hotmail.com"
"Barber","Liliana",3733,"liliana.barber@libero.it"
"Barbier","Alban",1786,"alban.barbier@ortiz.org"
"Barillaro","Alexa",3174,"alexa.barillaro@ramos.net"
"Barker","Heidi",5698,"heidi.barker@gmail.com"
"Barkholz","Elisa",4690,"elisa.barkholz@sfr.fr"
"Barnes","Eric",4765,"eric.barnes@barrett-winter.com"
"Barrera","Zeferino",3753,"zeferino.barrera@zedillo-velazquez.com"
"Barrientos","Katherina",6179,"katherina.barrientos@trobbiani.eu"
"Barrios","Jill",5203,"jill.barrios@gmail.com"
"Bartlett","Kristy",6141,"kristy.bartlett@outlook.com"
"Bates","Alf",4603,"alf.bates@dunn.com"
"Bauer","Fiorenzo",1687,"fiorenzo.bauer@gmail.com"
"Baxter","Joanna",2202,"joanna.baxter@bruce-wright.com"
"Beasley","Maik",4643,"maik.beasley@harper-brooks.biz"
"Becerra","Francisca",2712,"francisca.becerra@young.com.au"
"Beck","Gianluca",5245,"gianluca.beck@green.biz"
"Begue","Sevim",3111,"sevim.begue@yahoo.com.au"
"Begum","Charles",1850,"charles.begum@laboratorios.info"
"Bell","Daniela",1672,"daniela.bell@vollbrecht.org"
"Benard","Isaac",3059,"isaac.benard@googlemail.com"
"Benavides","Caleb",4904,"caleb.benavides@rubio.com"
"Bender","Marcelle",2216,"marcelle.bender@edwards-robinson.info"
"Benedetti","Allegra",3353,"allegra.benedetti@miller.com"
"Benigni","Suzanne",3858,"suzanne.benigni@mennea-morlacchi.com"
"Bennett","Marcantonio",2913,"marcantonio.bennett@hopkins.com.au"
"Berengario","Lydia",5657,"lydia.berengario@aol.de"
"Bernard","Claudia",5144,"claudia.bernard@mazzanti.it"
"Bernardi","Darren",1926,"darren.bernardi@brooks-martin.com"
"Bernetti","Nicolaus",2093,"nicolaus.bernetti@aol.de"
"Bernier","Francis",3841,"francis.bernier@rodriguez.com"
"Berry","Santiago",3339,"santiago.berry@aol.de"
"Berthelot","Jean",6028,"jean.berthelot@oscuro.it"
"Besnard","Christina",1847,"christina.besnard@delorme.com"
"Best","Alexandria",5109,"alexandria.best@yahoo.co.uk"
"Beyer","Gastone",4333,"gastone.beyer@stewart-sanchez.edu"
"Bibi","Rolando",3274,"rolando.bibi@tin.it"
"Bien","Nino",3482,"nino.bien@gmail.com"
"Bishop","Janko",5799,"janko.bishop@tim.it"
"Blackburn","Ferdi",4083,"ferdi.blackburn@christensen.net"
"Blanc","Rose",2830,"rose.blanc@grupo.com"
"Blanchard","Romana",3863,"romana.blanchard@googlemail.com"
"Blanchet","Silvano",3460,"silvano.blanchet@yahoo.com"
"Blasi","Christelle",2141,"christelle.blasi@morris-chan.com"
"Blot","Gabino",2043,"gabino.blot@lewis-russell.org"
"Boaga","Dennis",4210,"dennis.boaga@gmx.de"
"Bohlander","Giulio",3190,"giulio.bohlander@dbmail.com"
"Bohnbach","Christophe",4330,"christophe.bohnbach@ifrance.com"
"Boito","Maggie",5171,"maggie.boito@yahoo.com"
"Bolander","Antonino",1763,"antonino.bolander@gmail.com"
"Bolnbach","Timoteo",2114,"timoteo.bolnbach@laboratorios.com"
"Bolzmann","Giuliano",3238,"giuliano.bolzmann@pacillo.it"
"Bonneau","Susanna",5122,"susanna.bonneau@klingelhoefer.de"
"Bonnet","Luigi",1717,"luigi.bonnet@carriera-federico.it"
"Bonnin","Serafina",5444,"serafina.bonnin@mendes.com"
"Bonomo","Sylvia",4436,"sylvia.bonomo@poulain.com"
"Borrego","Lolita",3909,"lolita.borrego@gmail.com"
"Bottaro","Samira",2740,"samira.bottaro@vasseur.fr"
"Bourdon","Pompeo",5022,"pompeo.bourdon@gmail.com"
"Bourgeois","Heiko",1794,"heiko.bourgeois@togliatti.com"
"Bouvet","Giacomo",3396,"giacomo.bouvet@gmail.com"
"Bowen","Ilaria",2155,"ilaria.bowen@hotmail.it"
"Bowers","Angela",6084,"angela.bowers@laboratorios.com"
"Boyd","Cheryl",3136,"cheryl.boyd@segni.it"
"Boyer","Edeltrud",4527,"edeltrud.boyer@outlook.com"
"Bradford","Amedeo",2150,"amedeo.bradford@yahoo.com"
"Bradley","Tim",3087,"tim.bradley@schlosser.de"
"Brambilla","Michele",1822,"michele.brambilla@yahoo.com"
"Bray","Ilse",1904,"ilse.bray@venturi.it"
"Briand","Genaro",4465,"genaro.briand@sfr.fr"
"Briggs","Giacinto",5238,"giacinto.briggs@yahoo.co.uk"
"Briones","Konrad",4270,"konrad.briones@fierro.com"
"Brookes","Silvester",5256,"silvester.brookes@franco.org"
"Brooks","Ramona",3647,"ramona.brooks@kensy.de"
"Brown","Ubaldo",3631,"ubaldo.brown@philippe.com"
"Bruce","Dionigi",4718,"dionigi.bruce@industrias.com"
"Bruder","Robert",4591,"robert.bruder@manzoni.com"
"Brun","Alyssa",2357,"alyssa.brun@chittolini-spadafora.it"
"Bruneau","Alessio",3365,"alessio.bruneau@hotmail.co.uk"
"Buckley","Laura",6026,"laura.buckley@ryan.org"
"Burgess","Pia",2961,"pia.burgess@proyectos.org"
"Burke","Jutta",4263,"jutta.burke@elliott.com"
"Burnett","Auguste",4165,"auguste.burnett@yahoo.fr"
"Burns","Donatella",3713,"donatella.burns@yahoo.de"
"Bustos","Wendy",1487,"wendy.bustos@libero.it"
"Butler","Carla",1816,"carla.butler@yahoo.com"
"Butte","Judith",2010,"judith.butte@fischer-vaughn.info"
"Cabrera","Geraldine",5976,"geraldine.cabrera@green-smith.info"
"Caccioppoli","Vittorio",2810,"vittorio.caccioppoli@yahoo.com"
"Cadena","Anastasie",4847,"anastasie.cadena@live.com"
"Caetani","Virginia",5008,"virginia.caetani@sosa.biz"
"Cafarchia","Ludovico",2321,"ludovico.cafarchia@gmail.com"
"Cainero","Alicia",3074,"alicia.cainero@yahoo.com"
"Caldera","Martyn",5725,"martyn.caldera@hotmail.co.uk"
"Caldwell","Guglielmo",3474,"guglielmo.caldwell@loeffler.com"
"Camacho","Dustin",4002,"dustin.camacho@rhodes.org.au"
"Camarillo","Thibaut",4266,"thibaut.camarillo@hotmail.com"
"Camiscione","Slobodan",6191,"slobodan.camiscione@hotmail.com"
"Campos","Enzio",2404,"enzio.campos@tim.it"
"Canales","Paula",4952,"paula.canales@gilmore-guerrero.com"
"Canali","Melissa",3307,"melissa.canali@libero.it"
"Canova","Melinda",3723,"melinda.canova@orange.fr"
"Cantu","Hugh",3928,"hugh.cantu@libero.it"
"Carbajal","Tobias",5713,"tobias.carbajal@live.com"
"Cardenas","Pierre",4617,"pierre.cardenas@luzi-bonomo.eu"
"Carlier","Giampiero",5005,"giampiero.carlier@hotmail.com"
"Caron","Egon",3286,"egon.caron@hotmail.com"
"Carpenter","Isidor",5001,"isidor.carpenter@chauvin.com"
"Carpentier","Anel",3486,"anel.carpentier@klein-joseph.org"
"Carr","Caridad",2594,"caridad.carr@huhn.com"
"Carranza","Griselda",4186,"griselda.carranza@krause.de"
"Carrero","Marzena",3992,"marzena.carrero@roskoth.de"
"Carriera","Ruby",4033,"ruby.carriera@hotmail.it"
"Carrillo","Gunhild",2385,"gunhild.carrillo@elliott-gilbert.org"
"Carroll","Gianna",5333,"gianna.carroll@perez.com"
"Carter","Kelly",3706,"kelly.carter@hotmail.com.au"
"Castellitto","Jonathan",5479,"jonathan.castellitto@libero.it"
"Castillo","Cindy",1373,"cindy.castillo@virgilio.it"
"Castro","Abelardo",2374,"abelardo.castro@gmail.com"
"Cattaneo","Zaira",4499,"zaira.cattaneo@yahoo.com"
"Cavazos","Ron",4807,"ron.cavazos@yahoo.com"
"Cedillo","Agnolo",3676,"agnolo.cedillo@laboratorios.biz"
"Celentano","Giada",1918,"giada.celentano@evans.net"
"Chambers","Branko",2576,"branko.chambers@ifrance.com"
"Chan","Kimberly",3814,"kimberly.chan@gmail.com"
"Chapman","Tania",3867,"tania.chapman@remy.com"
"Charles","Lilija",4467,"lilija.charles@gmail.com"
"Charpentier","Carolyn",5150,"carolyn.charpentier@hotmail.de"
"Chavez","Edeltraud",2580,"edeltraud.chavez@hotmail.com.au"
"Chevalier","Cristina",1235,"cristina.chevalier@proyectos.com"
"Chindamo","Kirsten",1877,"kirsten.chindamo@carrillo-wall.com"
"Christian","Nicholas",3714,"nicholas.christian@hotmail.de"
"Cibin","Aldo",1372,"aldo.cibin@gmx.de"
"Cignaroli","Bonnie",2873,"bonnie.cignaroli@yahoo.com"
"Cimarosa","Josh",4721,"josh.cimarosa@hotmail.com"
"Cisneros","Patrizio",4395,"patrizio.cisneros@martinez.edu.au"
"Clark","Hilary",3910,"hilary.clark@libero.it"
"Clarke","Katarina",5594,"katarina.clarke@hotmail.com.au"
"Coardi","Marlen",5642,"marlen.coardi@colletti.eu"
"Cobb","Antonina",4171,"antonina.cobb@gibson.org"
"Cole","Katelyn",1663,"katelyn.cole@fiebig.com"
"Coleman","Tonia",2326,"tonia.coleman@hotmail.com"
"Coles","Julie",4722,"julie.coles@hotmail.fr"
"Collazo","Eddie",2619,"eddie.collazo@gmail.com"
"Collier","Michelle",4588,"michelle.collier@peruzzi.it"
"Collins","Mirjana",5559,"mirjana.collins@hotmail.com"
"Comboni","Fridolin",4881,"fridolin.comboni@graf.com"
"Comencini","Pomponio",6094,"pomponio.comencini@hotmail.co.uk"
"Comolli","Gareth",6073,"gareth.comolli@tiscali.fr"
"Conley","Lodovico",4020,"lodovico.conley@yahoo.com"
"Connolly","Randall",4861,"randall.connolly@jovinelli-castelli.com"
"Contarini","Olivie",5544,"olivie.contarini@marshall-wright.biz"
"Cook","Gerda",4474,"gerda.cook@tin.it"
"Cooley","Katherine",5869,"katherine.cooley@yahoo.com"
"Cooper","Madeleine",4477,"madeleine.cooper@poste.it"
"Cordier","Zacharie",3096,"zacharie.cordier@gmail.com"
"Cornejo","Gilbert",5946,"gilbert.cornejo@hotmail.com"
"Corradi","Pascual",2075,"pascual.corradi@lopez.net.au"
"Corrales","Sue",5515,"sue.corrales@cardenas-serna.org"
"Cortez","Dawn",4238,"dawn.cortez@gmail.com"
"Coulon","Metin",3193,"metin.coulon@ashley.com"
"Couturier","Rodolfo",6010,"rodolfo.couturier@tim.it"
"Cowan","Travis",5771,"travis.cowan@turner.info"
"Cox","Antoinette",4455,"antoinette.cox@bustamante.com"
"Crawford","Lorraine",2942,"lorraine.crawford@gmail.com"
"Cross","Calogero",2467,"calogero.cross@mercantini.it"
"Cruz","Alejandro",3578,"alejandro.cruz@hotmail.com"
"Cuellar","Angelica",2111,"angelica.cuellar@zaguri-bellucci.net"
"Cugia","Elsa",4491,"elsa.cugia@yahoo.com"
"Cundari","Emily",4404,"emily.cundari@clark.com.au"
"Cunningham","Kyle",5300,"kyle.cunningham@voila.fr"
"Curiel","Fulvio",4048,"fulvio.curiel@reynolds.com"
"Cuzzocrea","Meta",2368,"meta.cuzzocrea@howard-jensen.org"
"Daugherty","Manon",2003,"manon.daugherty@segre.com"
"Davenport","Emilio",5585,"emilio.davenport@zamora-russo.net"
"David","Kendra",2069,"kendra.david@allan-morton.com"
"Davids","April",3481,"april.davids@fisher.info"
"Davidson","Lucy",2527,"lucy.davidson@tele2.it"
"Davies","Angelina",2552,"angelina.davies@hotmail.com"
"Davis","Sarah",5989,"sarah.davis@david.com"
"Dawson","Mirjam",4184,"mirjam.dawson@yahoo.com"
"Day","Jenna",4272,"jenna.day@reed.com"
"Dehmel","Camillo",2159,"camillo.dehmel@brown-campbell.com"
"Delahaye","Kevin",1628,"kevin.delahaye@ellis-wilson.com"
"Delattre","Eduardo",3699,"eduardo.delattre@lynch.net.au"
"Delaunay","Lore",6063,"lore.delaunay@yahoo.com"
"Deleon","Isabella",3870,"isabella.deleon@web.de"
"Delgadillo","Monique",3691,"monique.delgadillo@hotmail.co.uk"
"Delle","Carlos",4076,"carlos.delle@hicks.com"
"Delorme","Ernest",2955,"ernest.delorme@dowerg.de"
"Descamps","Michael",2916,"michael.descamps@gmail.com"
"Diallo","Sharon",5761,"sharon.diallo@gmail.com"
"Dias","Agathe",3651,"agathe.dias@jackson.com"
"Didier","Dolores",2565,"dolores.didier@yahoo.com.au"
"Dijoux","Giorgia",4161,"giorgia.dijoux@paul.com"
"Dominguez","Emmanuel",6055,"emmanuel.dominguez@gmail.com"
"Dorsey","Francisco",2396,"francisco.dorsey@tiscali.fr"
"Dossi","Vito",5508,"vito.dossi@hotmail.co.uk"
"Douglas","Todd",1889,"todd.douglas@web.de"
"Draghi","Istvan",5779,"istvan.draghi@ifrance.com"
"Drubin","Bianca",6051,"bianca.drubin@libero.it"
"Duarte","Walther",2705,"walther.duarte@web.de"
"Duhamel","Ethan",3628,"ethan.duhamel@sfr.fr"
"Duke","Charlotte",5796,"charlotte.duke@ochoa.org"
"Dumas","Babette",3451,"babette.dumas@brady.net"
"Durand","Bernard",1302,"bernard.durand@royer.com"
"Ebert","Devin",3305,"devin.ebert@yahoo.fr"
"Edwards","Luis",3203,"luis.edwards@live.com"
"Eigenwillig","Margaret",2648,"margaret.eigenwillig@yahoo.com"
"Elliott","James",5475,"james.elliott@gmail.com"
"Ellis","Mariana",3765,"mariana.ellis@rossi.org"
"Emanuelli","Allan",6098,"allan.emanuelli@fernandes.org"
"Erickson","Sara",3126,"sara.erickson@yahoo.de"
"Ernst","Livia",4967,"livia.ernst@colas.fr"
"Escalante","Guarino",1798,"guarino.escalante@hotmail.com"
"Espino","Marcus",3999,"marcus.espino@comolli.eu"
"Esquibel","Rosmarie",3279,"rosmarie.esquibel@bouygtel.fr"
"Esquivel","Raffaella",5921,"raffaella.esquivel@gmail.com"
"Etienne","Briana",3443,"briana.etienne@bishop-coates.com"
"Etzler","Toby",4594,"toby.etzler@industrias.com"
"Etzold","Mary",3185,"mary.etzold@conrad-harrison.com"
"Evans","Gilberto",3567,"gilberto.evans@salcedo-archuleta.net"
"Fabre","Enrico",4998,"enrico.fabre@gmail.com"
"Fagotto","Lori",2066,"lori.fagotto@hill-anderson.com"
"Faivre","Glen",3872,"glen.faivre@yahoo.com"
"Fantozzi","Yuridia",3368,"yuridia.fantozzi@mcdonald.com"
"Farinelli","Kaitlyn",1906,"kaitlyn.farinelli@outlook.com"
"Farmer","Alain",3016,"alain.farmer@hotmail.it"
"Farrell","Danny",3916,"danny.farrell@hotmail.com"
"Faulkner","Clelia",5373,"clelia.faulkner@hotmail.com"
"Faure","Andrey",1992,"andrey.faure@frederick-mitchell.info"
"Ferguson","Jared",2239,"jared.ferguson@roberts.com"
"Fernandez","Shane",3737,"shane.fernandez@hotmail.de"
"Ferrante","Marcela",1831,"marcela.ferrante@gmx.de"
"Ferraris","Edda",1375,"edda.ferraris@libero.it"
"Ferreira","Leonor",3233,"leonor.ferreira@gmail.com"
"Fibonacci","Laurie",3325,"laurie.fibonacci@gmail.com"
"Fiebig","Courtney",2785,"courtney.fiebig@doerschner.com"
"Figueroa","Perla",1834,"perla.figueroa@live.com"
"Finetti","Alfonso",3455,"alfonso.finetti@quiroz.com"
"Finzi","Roberta",4804,"roberta.finzi@knight-davies.co.uk"
"Fioravanti","Franco",5852,"franco.fioravanti@barry-gill.com.au"
"Fischer","Celal",5019,"celal.fischer@aol.de"
"Fletcher","Brunhilde",2373,"brunhilde.fletcher@schomber.de"
"Flores","Casey",3411,"casey.flores@baggio.org"
"Foconi","Aimee",5103,"aimee.foconi@outlook.com"
"Folliero","Steven",5534,"steven.folliero@noos.fr"
"Fonseca","Omar",1935,"omar.fonseca@grupo.org"
"Foster","Abigail",4037,"abigail.foster@taylor.net"
"Fouquet","Harry",5124,"harry.fouquet@ibarra-cooper.com"
"Fox","Roy",6147,"roy.fox@tejeda.com"
"Franceschi","Linda",5409,"linda.franceschi@richards.net"
"Francis","Eva",6229,"eva.francis@parker.org"
"Fraser","Herbert",3025,"herbert.fraser@holloway.org.au"
"Freeman","Anna",5734,"anna.freeman@snyder.net"
"Frey","Rebeca",3572,"rebeca.frey@gerard.fr"
"Fritz","Denny",5119,"denny.fritz@despacho.biz"
"Gabbana","Herma",4222,"herma.gabbana@hotmail.com"
"Gaggini","Pierina",1463,"pierina.gaggini@free.fr"
"Gaillard","Salvador",5923,"salvador.gaillard@yahoo.de"
"Gaito","Marissa",2026,"marissa.gaito@reed-campbell.edu"
"Galarza","Ellie",3420,"ellie.galarza@pareto-cattaneo.net"
"Galeati","Abbie",3402,"abbie.galeati@ubaldi.it"
"Galindo","Anita",4628,"anita.galindo@gmail.com"
"Gallagher","Bill",4003,"bill.gallagher@green.com"
"Gallegos","Rufino",3879,"rufino.gallegos@webster-newton.co.uk"
"Gallet","Laetitia",2761,"laetitia.gallet@aubry.org"
"Gamez","Belinda",5580,"belinda.gamez@leleu.com"
"Gaona","Petros",5481,"petros.gaona@googlemail.com"
"Garcia","Heiderose",1383,"heiderose.garcia@noos.fr"
"Gardner","Philippe",4605,"philippe.gardner@howells-jones.net"
"Garnier","Frances",2028,"frances.garnier@aporti-guidotti.org"
"Garrett","Kristie",5991,"kristie.garrett@wernecke.com"
"Gates","Allen",4849,"allen.gates@gmail.com"
"Gauthier","Volkmar",1326,"volkmar.gauthier@hotmail.com"
"Gay","Cilly",4678,"cilly.gay@callegaro.it"
"Gehringer","Nayeli",2690,"nayeli.gehringer@hotmail.com"
"Geisel","Ariadna",3280,"ariadna.geisel@rangel.com"
"Gemito","Irma",4084,"irma.gemito@googlemail.com"
"George","Herlinde",1484,"herlinde.george@free.fr"
"Georges","Amy",5044,"amy.georges@raedel.de"
"Gerlach","Roger",3283,"roger.gerlach@may-mitchell.co.uk"
"Germano","Jacqueline",2456,"jacqueline.germano@valette.fr"
"Gertz","Aurelio",4533,"aurelio.gertz@hewitt.net"
"Giacometti","Bethan",2573,"bethan.giacometti@gmail.com"
"Gibbons","Dina",5395,"dina.gibbons@brewer.net"
"Gibilisco","William",5675,"william.gibilisco@gaillard.com"
"Gibson","Antonio",2034,"antonio.gibson@faust.net"
"Gierschner","Silvia",6070,"silvia.gierschner@tele2.it"
"Gilbert","Louis",4257,"louis.gilbert@gmail.com"
"Girard","Martha",2226,"martha.girard@web.de"
"Giraud","Jennifer",1883,"jennifer.giraud@yahoo.com"
"Girschner","Alberto",6013,"alberto.girschner@laboratorios.com"
"Glover","Joseph",5000,"joseph.glover@laposte.net"
"Godfrey","Kathrin",1932,"kathrin.godfrey@tele2.fr"
"Gollum","Hanno",1568,"hanno.gollum@smith.com"
"Gomez","Jeremy",4085,"jeremy.gomez@oconnor.org"
"Gonzales","Carmine",1905,"carmine.gonzales@schleich.net"
"Gonzalez","Roman",4420,"roman.gonzalez@anderson.net"
"Goodwin","Sheila",4326,"sheila.goodwin@yahoo.com"
"Gosselin","Amico",2908,"amico.gosselin@shaw.info"
"Gotthard","Raphaela",3012,"raphaela.gotthard@outlook.com"
"Gough","Scott",5818,"scott.gough@industrias.com"
"Govoni","Marcella",3897,"marcella.govoni@barkholz.net"
"Gracia","Manuel",4768,"manuel.gracia@trussardi.eu"
"Graham","Jens",1294,"jens.graham@jones-buckley.com"
"Granados","Trevor",2670,"trevor.granados@gmail.com"
"Grant","Kristi",2984,"kristi.grant@yahoo.co.uk"
"Grassi","Senta",2118,"senta.grassi@hotmail.com"
"Gray","Catherine",3314,"catherine.gray@hotmail.com"
"Green","Dario",5140,"dario.green@live.com"
"Greer","Rebecca",5981,"rebecca.greer@hotmail.com"
"Greggio","Corey",3520,"corey.greggio@johnson.org.au"
"Grenier","Dietmar",5626,"dietmar.grenier@tele2.it"
"Griffiths","Fiona",5758,"fiona.griffiths@curatoli-verdone.it"
"Gritti","Benito",3510,"benito.gritti@gmail.com"
"Grossi","Christy",5354,"christy.grossi@alarcon-tafoya.com"
"Guardado","Cornelio",3903,"cornelio.guardado@gmail.com"
"Gucci","Henry",2609,"henry.gucci@leleu.fr"
"Guerin","Imelda",4025,"imelda.guerin@stumpf.net"
"Guerrero","Gerdi",2290,"gerdi.guerrero@tele2.fr"
"Guibert","Barbara",2085,"barbara.guibert@casares-sanches.com"
"Guichard","Shelly",3275,"shelly.guichard@gmail.com"
"Guidotti","Johnathan",4129,"johnathan.guidotti@cox-sanchez.net"
"Guilbert","Debbie",2803,"debbie.guilbert@berg.edu"
"Guillaume","Lauren",2939,"lauren.guillaume@sorgatz.org"
"Guillen","Enrique",1433,"enrique.guillen@hotmail.co.uk"
"Guillon","Patricio",2280,"patricio.guillon@web.de"
"Gulotta","Letizia",4508,"letizia.gulotta@howard.biz"
"Gumprich","Maurice",4701,"maurice.gumprich@griffin.net.au"
"Gunpf","Gerd",2912,"gerd.gunpf@gmail.com"
"Gurule","Phyllis",4426,"phyllis.gurule@rodriguez-pham.com"
"Gute","Maurizio",4407,"maurizio.gute@knight.info"
"Gutierrez","Lando",2133,"lando.gutierrez@heser.com"
"Gutknecht","Etta",5096,"etta.gutknecht@leconte.net"
"Guyon","Antoine",1340,"antoine.guyon@yahoo.com"
"Guyot","Roberto",3181,"roberto.guyot@bennett.com"
"Guzman","Leonardo",4869,"leonardo.guzman@andreozzi-abba.com"
"Hale","Cristian",2981,"cristian.hale@hotmail.co.uk"
"Hall","Eleanor",5666,"eleanor.hall@hotmail.com"
"Hamilton","Gerardo",6036,"gerardo.hamilton@libero.it"
"Hamon","Rodney",1797,"rodney.hamon@hotmail.com"
"Hanson","Brianna",4394,"brianna.hanson@stanley.com"
"Harding","Yvette",2545,"yvette.harding@yahoo.co.uk"
"Hardy","Sandra",1299,"sandra.hardy@web.de"
"Harrell","Ricky",2344,"ricky.harrell@martin.edu"
"Harris","Flora",3889,"flora.harris@hotmail.com.au"
"Harrison","Ugo",5235,"ugo.harrison@morley-chapman.co.uk"
"Hartmann","Bethany",3418,"bethany.hartmann@yahoo.com"
"Hartung","Mohammad",5842,"mohammad.hartung@hotmail.com"
"Harvey","Leonard",3565,"leonard.harvey@hotmail.com"
"Hauffer","Anthony",2109,"anthony.hauffer@tlustek.org"
"Hayes","Nancy",3963,"nancy.hayes@hotmail.com"
"Haynes","Evelyn",1316,"evelyn.haynes@clark.info"
"Heidrich","Jacques",4874,"jacques.heidrich@zamudio-chapa.com"
"Hellwig","Ashley",4336,"ashley.hellwig@libero.it"
"Henderson","Joanne",6201,"joanne.henderson@gmail.com"
"Henry","Frank",1677,"frank.henry@yahoo.com"
"Hentschel","Kathryn",3398,"kathryn.hentschel@shaw.com"
"Hernandez","Gino",2974,"gino.hernandez@covarrubias.com"
"Herrmann","Elliott",2741,"elliott.herrmann@hotmail.com.au"
"Herve","Alberico",2017,"alberico.herve@beer.net"
"Heser","Martina",3264,"martina.heser@morellato.it"
"Hess","Michelangelo",4939,"michelangelo.hess@bouygtel.fr"
"Hethur","Gianfranco",3842,"gianfranco.hethur@stewart-lee.com.au"
"Heydrich","Giancarlo",1615,"giancarlo.heydrich@hotmail.com"
"Hicks","Umberto",1441,"umberto.hicks@hill.com"
"Higgins","Coriolano",6064,"coriolano.higgins@murphy.org.au"
"Hill","Paige",3934,"paige.hill@jones.org.au"
"Hiller","Christine",3244,"christine.hiller@yahoo.com"
"Ho","Alec",2767,"alec.ho@parra-esparza.com"
"Hoffmann","Kaylee",3983,"kaylee.hoffmann@poulain.com"
"Holmes","Zbigniew",4524,"zbigniew.holmes@stiffel.net"
"Holsten","Oscar",5912,"oscar.holsten@yahoo.com"
"Holt","Uriel",2219,"uriel.holt@gmail.com"
"Holzapfel","Ermenegildo",2431,"ermenegildo.holzapfel@aol.de"
"Hooper","Margrit",2389,"margrit.hooper@douglas.com"
"Hopkins","Bertrand",3033,"bertrand.hopkins@gmail.com"
"Hornich","Logan",1707,"logan.hornich@tin.it"
"Houston","Ariana",4547,"ariana.houston@hotmail.it"
"Howard","Geza",3463,"geza.howard@voila.fr"
"Howe","Marvin",4754,"marvin.howe@gmail.com"
"Howell","Jason",4253,"jason.howell@gmx.de"
"Huang","Jose",4453,"jose.huang@gmx.de"
"Hubert","Marianne",3271,"marianne.hubert@hotmail.com"
"Huerta","Desiree",5619,"desiree.huerta@morris.com"
"Huet","Mattia",4149,"mattia.huet@aol.de"
"Hughes","Reginald",5853,"reginald.hughes@gmail.com"
"Hunt","Stewart",4994,"stewart.hunt@anderson-vargas.biz"
"Hunter","Annie",3606,"annie.hunter@allen.co.uk"
"Hurst","Kenneth",1631,"kenneth.hurst@meunier.net"
"Hussain","Gionata",3682,"gionata.hussain@yahoo.com"
"Hutchinson","Thomas",2611,"thomas.hutchinson@gmx.de"
"Huynh","Marta",3401,"marta.huynh@hernandez.info"
"Iannelli","Terri",2383,"terri.iannelli@hotmail.com"
"Iannotti","Jeanette",4941,"jeanette.iannotti@yahoo.com"
"Iglesias","Toralf",3209,"toralf.iglesias@borrego.com"
"Infantino","Janice",2272,"janice.infantino@hotmail.com"
"Ingram","Alfredo",2993,"alfredo.ingram@hotmail.com"
"Irizarry","Morgan",4750,"morgan.irizarry@williams-harris.biz"
"Jackson","Gregory",4914,"gregory.jackson@ortiz.com"
"Jacob","Lara",2152,"lara.jacob@buckley.org"
"Jacobs","Victor",2798,"victor.jacobs@young.com"
"Jacques","Rosario",2816,"rosario.jacques@yahoo.com"
"Jacquot","Carlo",1349,"carlo.jacquot@hotmail.com"
"Jaime","Kasimir",3072,"kasimir.jaime@gmail.com"
"James","Manfred",2297,"manfred.james@davies.org"
"Jenkins","Rudolf",1652,"rudolf.jenkins@hotmail.com"
"Jennings","Nathan",2170,"nathan.jennings@kim.com"
"Jensen","Graziano",2122,"graziano.jensen@gmail.com"
"Jimenez","Elena",2583,"elena.jimenez@yahoo.com.au"
"Jockel","Hannah",4676,"hannah.jockel@ceravolo-tonisto.eu"
"Johann","Karolin",4747,"karolin.johann@hotmail.com"
"Johnson","Leopoldo",4464,"leopoldo.johnson@hotmail.com.au"
"Joly","Pero",2265,"pero.joly@bernard.net"
"Jones","Brett",3017,"brett.jones@alice.it"
"Jordan","Craig",3333,"craig.jordan@gmail.com"
"Joseph","Alejandra",3211,"alejandra.joseph@escalante-abrego.biz"
"Junk","Mitzy",2487,"mitzy.junk@zaragoza.com"
"Junken","Galasso",5815,"galasso.junken@yahoo.co.uk"
"Juvara","Jasmine",5490,"jasmine.juvara@yahoo.com.au"
"Kade","Francesca",4556,"francesca.kade@luna-rael.org"
"Kaiser","Nico",6234,"nico.kaiser@almonte.com"
"Kallert","Werner",3574,"werner.kallert@gmail.com"
"Kambs","Reingard",1891,"reingard.kambs@sagese.eu"
"Karge","Federigo",3273,"federigo.karge@bohlander.com"
"Keller","Emmanuelle",3123,"emmanuelle.keller@morton-clarke.com"
"Kelly","Ian",5629,"ian.kelly@reeves.com.au"
"Kennedy","Heidelore",2005,"heidelore.kennedy@guinizzelli.org"
"Key","Vincenza",3855,"vincenza.key@adams.com"
"Khan","Vanesa",2651,"vanesa.khan@voila.fr"
"Kidd","Hanne",3309,"hanne.kidd@yahoo.com"
"Kim","Ryan",5707,"ryan.kim@noos.fr"
"King","Stephanie",1558,"stephanie.king@cervantes.com"
"Kitzmann","Puccio",2906,"puccio.kitzmann@yahoo.com"
"Klapp","Jack",5427,"jack.klapp@hotmail.com.au"
"Klein","Luke",2849,"luke.klein@hotmail.com"
"Klemm","Melania",1968,"melania.klemm@seidel.com"
"Kline","Antonia",6089,"antonia.kline@gmail.com"
"Knight","Grit",5139,"grit.knight@web.de"
"Knowles","Maximiliano",5095,"maximiliano.knowles@gmail.com"
"Knox","Stacey",3961,"stacey.knox@corporacin.com"
"Koch","Lucrezia",2261,"lucrezia.koch@petit.com"
"Kostolzin","Alwine",2059,"alwine.kostolzin@holloway.com"
"Krein","Guido",2190,"guido.krein@gmail.com"
"Kreusel","Edelgard",2354,"edelgard.kreusel@hotmail.com"
"Kroker","Grace",4997,"grace.kroker@hotmail.com"
"Kruschwitz","Mathilde",6007,"mathilde.kruschwitz@yahoo.com"
"Kuhl","Megan",5565,"megan.kuhl@despacho.com"
"Laboy","Tracey",2031,"tracey.laboy@bell.biz"
"Lachmann","Sabine",4561,"sabine.lachmann@phillips.org"
"Lacombe","Miranda",3571,"miranda.lacombe@longoria-vanegas.net"
"Lacroix","Jeffery",6078,"jeffery.lacroix@medina.org"
"Ladeck","Danielle",5468,"danielle.ladeck@scalfaro.net"
"Laine","Josette",4376,"josette.laine@saracino-parisi.net"
"Lambert","Alexandrie",3224,"alexandrie.lambert@yahoo.com"
"Lamborghini","Rosl",2030,"rosl.lamborghini@hiller.net"
"Lamy","Kirsty",1422,"kirsty.lamy@alonzi.it"
"Lane","John",3477,"john.lane@gregoire.fr"
"Lang","Henriette",4732,"henriette.lang@mimun.it"
"Langlois","Debra",3895,"debra.langlois@schmiedecke.com"
"Laporte","Piermaria",6020,"piermaria.laporte@wesack.com"
"Lara","Natasha",1693,"natasha.lara@outlook.com"
"Larsen","Guillermo",5858,"guillermo.larsen@yahoo.com"
"Laureano","Ricciotti",3469,"ricciotti.laureano@parsons.com"
"Laurent","Lothar",5636,"lothar.laurent@garcia.com.au"
"Lawson","Lynn",6144,"lynn.lawson@leclercq.com"
"Leblanc","Dale",6196,"dale.leblanc@stewart.com"
"Leclercq","Ellinor",2462,"ellinor.leclercq@gmail.com"
"Leconte","Tom",6142,"tom.leconte@woods-johnson.com"
"Lee","Giuseppe",5686,"giuseppe.lee@mahe.org"
"Lefevre","Shannon",3558,"shannon.lefevre@gmail.com"
"Legendre","Albert",1377,"albert.legendre@lee.com"
"Leger","Damien",4158,"damien.leger@dixon.biz"
"Leiva","Rhys",2103,"rhys.leiva@gmx.de"
"Lemonnier","Stefano",4148,"stefano.lemonnier@binner.com"
"Lemus","Alvaro",3871,"alvaro.lemus@yahoo.com"
"Leonard","Lilla",2736,"lilla.leonard@jungfer.com"
"Leonardi","Gaetano",4632,"gaetano.leonardi@despacho.com"
"Leoncavallo","Ennio",2080,"ennio.leoncavallo@sanchez.org"
"Lerma","Natalie",5251,"natalie.lerma@boucher.com"
"Lettiere","Hansjoachim",1553,"hansjoachim.lettiere@hall-mcdaniel.net"
"Leveque","Melanie",4969,"melanie.leveque@fleury.net"
"Lewis","Lewis",2444,"lewis.lewis@pisano.net"
"Liebelt","Patricia",4548,"patricia.liebelt@baca.org"
"Liguori","Rembrandt",3229,"rembrandt.liguori@davis.org"
"Linares","Severino",3041,"severino.linares@angeli.com"
"Lindner","Durante",4912,"durante.lindner@picard.fr"
"Lira","Marion",4337,"marion.lira@ifrance.com"
"Little","Derrick",1485,"derrick.little@small.org"
"Lollobrigida","Lilia",4630,"lilia.lollobrigida@le.com"
"Lombard","Eitel",2222,"eitel.lombard@thomas.net"
"Lombardo","Adalberto",1656,"adalberto.lombardo@sfr.fr"
"Lomeli","Swantje",5864,"swantje.lomeli@gmx.de"
"Long","Gian",5336,"gian.long@hotmail.com"
"Lorch","Wilfrido",2212,"wilfrido.lorch@leclerc.fr"
"Lowe","Samantha",2215,"samantha.lowe@praga.it"
"Lowery","Abril",3006,"abril.lowery@novak.net"
"Lozano","Angelo",5942,"angelo.lozano@macias.com"
"Lucas","Giulietta",6061,"giulietta.lucas@club.com"
"Lucero","Laurence",2508,"laurence.lucero@martin.org"
"Luna","Socorro",5650,"socorro.luna@hotmail.com"
"Lutz","Wolf",1312,"wolf.lutz@nichols-jackson.com.au"
"Luxardo","Justin",4248,"justin.luxardo@googlemail.com"
"Luzi","Giustino",1742,"giustino.luzi@rolland.fr"
"Mace","Sergius",4102,"sergius.mace@palazzo.com"
"Macias","Carl",3799,"carl.macias@yahoo.com"
"Madrid","Marina",4242,"marina.madrid@galarza-alba.com"
"Madrigal","Janet",2511,"janet.madrigal@gmail.com"
"Maestas","Mathew",2896,"mathew.maestas@casas-garrido.com"
"Magrassi","Toni",4708,"toni.magrassi@gmail.com"
"Maillot","Ben",3289,"ben.maillot@ramos.net"
"Maldonado","Constance",5154,"constance.maldonado@spiess.net"
"Mallet","Loretta",3069,"loretta.mallet@sansoni-toscani.it"
"Mancini","Justine",3043,"justine.mancini@tiscali.it"
"Mangold","Steffen",2260,"steffen.mangold@paul.net"
"Marcacci","Baccio",5141,"baccio.marcacci@laposte.net"
"Marenzio","Amalia",3813,"amalia.marenzio@grupo.com"
"Marie","Federico",4328,"federico.marie@jourdan.fr"
"Marin","Elias",5374,"elias.marin@herve.net"
"Marks","Ansaldo",2881,"ansaldo.marks@patel-odonnell.com"
"Marques","Ottfried",1344,"ottfried.marques@tyler-watson.info"
"Marsh","Nelly",5072,"nelly.marsh@hotmail.it"
"Martel","Micaela",2185,"micaela.martel@hotmail.com"
"Martin","Eugenio",3717,"eugenio.martin@yahoo.de"
"Martineau","Irina",5637,"irina.martineau@gmail.com"
"Martinez","Jessica",5368,"jessica.martinez@salieri.com"
"Marty","Luce",4014,"luce.marty@waehner.org"
"Mason","Clinton",3613,"clinton.mason@yahoo.com"
"Massey","Gianpaolo",4506,"gianpaolo.massey@bouvier.com"
"Mazzini","Cristal",3607,"cristal.mazzini@gmail.com"
"Mccarty","Jo",4749,"jo.mccarty@hotmail.com"
"Mccullough","Nicole",5652,"nicole.mccullough@hall.com"
"Mcdonald","Matthieu",5261,"matthieu.mcdonald@morrison.org"
"McLean","Virginie",4587,"virginie.mclean@yahoo.com"
"Medici","Karla",5156,"karla.medici@yahoo.com"
"Medina","Tadeusz",2790,"tadeusz.medina@jackson-clark.net"
"Mena","Kata",3234,"kata.mena@gmail.com"
"Mende","Marisela",4073,"marisela.mende@godoy-enriquez.com"
"Mendez","Yves",3857,"yves.mendez@gmail.com"
"Meraz","Brandy",5264,"brandy.meraz@yahoo.com"
"Merino","Renee",4502,"renee.merino@gmail.com"
"Merle","Lea",4909,"lea.merle@stey.de"
"Metz","Tracy",1728,"tracy.metz@bryant.info"
"Meunier","Jessika",1419,"jessika.meunier@gmx.de"
"Meyer","Martin",3263,"martin.meyer@davis.co.uk"
"Michaud","Joe",3735,"joe.michaud@yahoo.fr"
"Middleton","Reina",3849,"reina.middleton@hotmail.com"
"Mielcarek","Sean",5801,"sean.mielcarek@gmail.com"
"Migliaccio","Gelsomina",5784,"gelsomina.migliaccio@junk.com"
"Miles","Julien",5165,"julien.miles@stevens-rose.com"
"Miller","Paulina",5487,"paulina.miller@lewis-barker.com"
"Millet","Donatello",1244,"donatello.millet@fritsch.net"
"Mills","Stanley",1533,"stanley.mills@parker-lee.biz"
"Miniati","Beth",5200,"beth.miniati@hudson.net"
"Mitchell","Rotraud",3199,"rotraud.mitchell@laboratorios.com"
"Mitschke","Corinne",5497,"corinne.mitschke@hauffer.net"
"Mohaupt","Monica",2153,"monica.mohaupt@live.com"
"Molina","Kornelius",5825,"kornelius.molina@heuser.com"
"Monnier","Leif",2243,"leif.monnier@querini.it"
"Montalvo","Stanislaw",4620,"stanislaw.montalvo@mcpherson-hughes.info"
"Montanariello","Svetlana",5436,"svetlana.montanariello@putz.de"
"Montenegro","Milan",1640,"milan.montenegro@langern.com"
"Montes","Gonzalo",4178,"gonzalo.montes@hotmail.com"
"Montez","Ashleigh",4168,"ashleigh.montez@perry-schneider.com"
"Monti","Jorge",1592,"jorge.monti@clement.fr"
"Moon","Kayla",4842,"kayla.moon@yahoo.de"
"Moore","Odette",5721,"odette.moore@hall.edu"
"Morales","Alison",2090,"alison.morales@lewis.com"
"Moran","Sandro",1638,"sandro.moran@hotmail.de"
"Moreno","Ivo",4770,"ivo.moreno@hotmail.com"
"Morgan","Beate",2116,"beate.morgan@gmail.com"
"Morin","Regina",2339,"regina.morin@barcaccia.net"
"Morris","Lotti",5602,"lotti.morris@yahoo.co.uk"
"Morrison","Hector",5445,"hector.morrison@web.de"
"Mortati","Rico",3697,"rico.mortati@faivre.fr"
"Morton","Gloria",1979,"gloria.morton@outlook.com"
"Morvan","Mesut",3592,"mesut.morvan@gmail.com"
"Moses","Luca",4250,"luca.moses@franke.de"
"Mota","Siegrun",3079,"siegrun.mota@matthews-montoya.org.au"
"Moulin","Beatriz",3530,"beatriz.moulin@pinto.com"
"Mueller","Gudrun",1612,"gudrun.mueller@dillon-fuller.info"
"Munoz","Guadalupe",5262,"guadalupe.munoz@murray-hamilton.com.au"
"Murialdo","Margaretha",1665,"margaretha.murialdo@meunier.com"
"Murillo","Renato",3272,"renato.murillo@club.com"
"Murphy","Itzel",5695,"itzel.murphy@muelichen.de"
"Murray","Carolina",5889,"carolina.murray@knight.com"
"Musatti","Austin",2577,"austin.musatti@tin.it"
"Naccari","Ludger",5874,"ludger.naccari@ingram.biz"
"Neal","Lauretta",2809,"lauretta.neal@hotmail.de"
"Negrete","Holly",2578,"holly.negrete@hotmail.com"
"Nerger","Ernesto",4136,"ernesto.nerger@middleton.co.uk"
"Nguyen","Maria",5901,"maria.nguyen@hernadez.com"
"Nicholson","Guillermina",4785,"guillermina.nicholson@grondin.fr"
"Nicolas","Tony",3321,"tony.nicolas@morrocco-seddio.net"
"Nicolini","Mirco",3646,"mirco.nicolini@blin.net"
"Niemeier","Liberto",2104,"liberto.niemeier@germano-dibiasi.it"
"Nitto","Alphonse",3528,"alphonse.nitto@voila.fr"
"Noack","Whitney",3684,"whitney.noack@laboratorios.org"
"Noble","Julian",1722,"julian.noble@hill.org.au"
"Noel","Adrian",4398,"adrian.noel@perrin.com"
"Nohlmans","Carole",3219,"carole.nohlmans@yahoo.com"
"Norbiato","Bettina",3494,"bettina.norbiato@allen-lutz.org"
"Normand","Bekir",5685,"bekir.normand@yahoo.de"
"Novak","Brian",3605,"brian.novak@ford.net"
"Ocampo","Cameron",2940,"cameron.ocampo@hotmail.com.au"
"Ocasio","Arnaldo",3331,"arnaldo.ocasio@hotmail.com"
"Odonnell","Evelin",6202,"evelin.odonnell@ibarra.net"
"Oestrovsky","Carmen",2813,"carmen.oestrovsky@gmail.com"
"Ojeda","Victoria",1409,"victoria.ojeda@doehn.com"
"Oliver","Hugues",5884,"hugues.oliver@stiffel.com"
"Olivera","Gerald",4482,"gerald.olivera@outlook.com"
"Olivier","Seth",3489,"seth.olivier@yahoo.com"
"Olmos","Hermelinda",3847,"hermelinda.olmos@portillo.com"
"Olson","Brandon",2988,"brandon.olson@prince-moreno.net"
"Olvera","Amelia",1613,"amelia.olvera@hotmail.com"
"Oneal","Marliese",5188,"marliese.oneal@gmail.com"
"Oquendo","Miriam",5149,"miriam.oquendo@smith-watson.biz"
"Ornelas","Leah",5242,"leah.ornelas@gmail.com"
"Ortega","Valerie",5711,"valerie.ortega@tele2.it"
"Ortiz","Mauro",1281,"mauro.ortiz@oquendo.net"
"Osborne","Dino",5678,"dino.osborne@despacho.com"
"Ovadia","Rouven",2642,"rouven.ovadia@gmail.com"
"Owens","Giacobbe",5887,"giacobbe.owens@huet.fr"
"Pace","Anouk",4349,"anouk.pace@gmail.com"
"Padilla","Gabriela",1657,"gabriela.padilla@pearson-russell.com"
"Pages","Valentina",1620,"valentina.pages@hotmail.de"
"Pagliaro","Conchita",1651,"conchita.pagliaro@googlemail.com"
"Palacios","Nicolas",5306,"nicolas.palacios@meraz.com"
"Palladio","Paul",4734,"paul.palladio@mclaughlin.net.au"
"Palmer","Amanda",2307,"amanda.palmer@didier.fr"
"Palomo","Alonso",2779,"alonso.palomo@gehringer.de"
"Papafava","Elvira",4840,"elvira.papafava@ifrance.com"
"Parpinel","Ruggero",3324,"ruggero.parpinel@gmail.com"
"Parry","Filippo",5708,"filippo.parry@live.com"
"Pascarella","Eloisa",2892,"eloisa.pascarella@gmail.com"
"Passalacqua","Pina",3364,"pina.passalacqua@yahoo.co.uk"
"Patberg","Sonja",1424,"sonja.patberg@hotmail.com"
"Patel","Kerry",4495,"kerry.patel@hutchinson.com"
"Patrick","Gunar",5179,"gunar.patrick@leroy.com"
"Patterson","Elaine",3164,"elaine.patterson@rose-morris.org"
"Paul","Rosa",2213,"rosa.paul@bien.com"
"Pausini","Alexander",4517,"alexander.pausini@gonzalez.info"
"Payne","Pamela",3475,"pamela.payne@yahoo.com"
"Paz","Dorothe",5850,"dorothe.paz@fiebig.de"
"Peacock","Jamie",5773,"jamie.peacock@interiano-nordio.com"
"Pechel","Geronimo",3054,"geronimo.pechel@hotmail.com"
"Peltier","Rosie",2067,"rosie.peltier@voila.fr"
"Pena","Birgit",5362,"birgit.pena@armellini.it"
"Pereira","Evangelista",1498,"evangelista.pereira@thompson-peterson.biz"
"Perez","Philip",4769,"philip.perez@hotmail.co.uk"
"Peron","Ann",2537,"ann.peron@grupo.biz"
"Perrin","Svenja",1725,"svenja.perrin@berger.com"
"Perry","Shelley",5443,"shelley.perry@gierschner.de"
"Pertile","Fanny",1531,"fanny.pertile@gmail.com"
"Peters","Evangelos",5493,"evangelos.peters@sanchez.net"
"Petitjean","Luciana",4883,"luciana.petitjean@patterson-cole.biz"
"Petrocelli","Gail",4744,"gail.petrocelli@yahoo.com"
"Petrucelli","Olivier",4213,"olivier.petrucelli@letta-raurica.eu"
"Petruzzi","Leo",6108,"leo.petruzzi@yahoo.com"
"Phillips","Rhonda",4890,"rhonda.phillips@yahoo.com"
"Piacentini","Serena",2062,"serena.piacentini@yahoo.de"
"Pierce","Hazel",6161,"hazel.pierce@outlook.com"
"Pineau","Carin",5361,"carin.pineau@yahoo.com"
"Pineda","Alan",6122,"alan.pineda@proyectos.info"
"Pininfarina","Damaris",4466,"damaris.pininfarina@gmail.com"
"Pinto","Raven",3149,"raven.pinto@hotmail.com"
"Pizzetti","Catalina",2687,"catalina.pizzetti@tim.it"
"Poerio","Reiner",5318,"reiner.poerio@yahoo.com"
"Pohl","Alfred",4391,"alfred.pohl@fechner.net"
"Poirier","Christopher",6181,"christopher.poirier@hotmail.com"
"Polanco","Helen",5726,"helen.polanco@hotmail.com"
"Pollard","Adina",2604,"adina.pollard@outlook.com"
"Pons","Brent",4218,"brent.pons@proyectos.net"
"Porzio","Dylan",3779,"dylan.porzio@yahoo.de"
"Posada","Dimitri",3458,"dimitri.posada@gmail.com"
"Potter","Mason",4113,"mason.potter@gmail.com"
"Pottier","Benita",2969,"benita.pottier@sfr.fr"
"Poulain","Raisa",2442,"raisa.poulain@fastwebnet.it"
"Powell","Friedl",3186,"friedl.powell@laposte.net"
"Pratesi","Stephen",3176,"stephen.pratesi@hotmail.com"
"Pratt","Octavio",4836,"octavio.pratt@web.de"
"Preston","Juliette",4121,"juliette.preston@gmail.com"
"Prieto","Mariano",2329,"mariano.prieto@vodafone.it"
"Proietti","Gavin",1478,"gavin.proietti@gmx.de"
"Pruschke","Isabel",1249,"isabel.pruschke@gmail.com"
"Pruvost","Michela",5696,"michela.pruvost@holt.co.uk"
"Puga","Ehrentraud",4401,"ehrentraud.puga@laboratorios.com"
"Pugh","Annalisa",4666,"annalisa.pugh@hotmail.fr"
"Pulido","Damian",5983,"damian.pulido@yahoo.de"
"Querini","Florencia",1346,"florencia.querini@gmail.com"
"Quinn","Luc",1399,"luc.quinn@walker.com"
"Ramazzotti","Tammy",5027,"tammy.ramazzotti@gmail.com"
"Ramirez","Terry",5343,"terry.ramirez@hotmail.co.uk"
"Randall","Berthold",4613,"berthold.randall@mcdonald.com"
"Ravaglioli","Maura",4140,"maura.ravaglioli@yahoo.com"
"Raya","Sally",5755,"sally.raya@tarchetti.it"
"Raymond","Alma",1501,"alma.raymond@tin.it"
"Redi","Lucie",2037,"lucie.redi@googlemail.com"
"Rees","Mario",5102,"mario.rees@gmx.de"
"Reeves","Caroline",1486,"caroline.reeves@yahoo.com"
"Reid","Hanna",6222,"hanna.reid@salas.org"
"Reinhardt","Conor",4606,"conor.reinhardt@yahoo.com.au"
"Remy","Calcedonio",2058,"calcedonio.remy@edwards-benton.com"
"Renard","Fabrizia",6081,"fabrizia.renard@higgins-marks.com"
"Renaud","Marisa",5036,"marisa.renaud@smith.org"
"Renner","Julio",3924,"julio.renner@industrias.net"
"Renzi","Eloy",3790,"eloy.renzi@gmail.com"
"Respighi","Homero",2262,"homero.respighi@gmail.com"
"Reuter","Claudio",2350,"claudio.reuter@morgan-collins.org.au"
"Reynaud","Donald",5873,"donald.reynaud@green.edu.au"
"Ricciardi","Christiane",5704,"christiane.ricciardi@zavala.com"
"Rich","Valeria",5560,"valeria.rich@turchetta-mondadori.it"
"Richard","Marisol",5660,"marisol.richard@gmail.com"
"Richards","Georges",5900,"georges.richards@macdonald.com"
"Richardson","Leone",3815,"leone.richardson@yahoo.com"
"Rico","Nath",3768,"nath.rico@yahoo.com"
"Riley","Amador",4619,"amador.riley@hotmail.com"
"Rios","Emma",6163,"emma.rios@yahoo.com.au"
"Ritacca","Dana",5066,"dana.ritacca@gmail.com"
"Rivera","Tyler",4064,"tyler.rivera@guajardo-ozuna.com"
"Riviere","Lucia",5151,"lucia.riviere@samaniego.biz"
"Roberts","Hartwig",5690,"hartwig.roberts@saraceno.net"
"Robertson","Hartmuth",1241,"hartmuth.robertson@thomas.edu.au"
"Robinson","Cynthia",1952,"cynthia.robinson@gilles.net"
"Robles","Gabriel",3670,"gabriel.robles@yahoo.com"
"Rodriguez","Tina",2131,"tina.rodriguez@web.de"
"Roero","Lorenzo",2601,"lorenzo.roero@hotmail.co.uk"
"Rogers","Denis",4146,"denis.rogers@poste.it"
"Rogner","Diane",1867,"diane.rogner@kelly.co.uk"
"Roht","Astrid",4390,"astrid.roht@fastwebnet.it"
"Rolland","Liam",2989,"liam.rolland@yahoo.fr"
"Roman","Alfio",3522,"alfio.roman@hotmail.co.uk"
"Romo","Noelia",5529,"noelia.romo@yahoo.com"
"Rosas","Patrick",5576,"patrick.rosas@yahoo.com"
"Rose","Jacinto",3216,"jacinto.rose@yahoo.com"
"Rosemann","Aurore",3431,"aurore.rosemann@leoncavallo-rusticucci.com"
"Rosenow","Burghard",4593,"burghard.rosenow@hotmail.com"
"Ross","Bryan",4995,"bryan.ross@yahoo.com"
"Rosselli","Livio",4790,"livio.rosselli@green.co.uk"
"Rossi","Nicola",3848,"nicola.rossi@berry.org"
"Rousseau","Rochus",6207,"rochus.rousseau@nguyen.com"
"Rowe","Jordan",6159,"jordan.rowe@outlook.com"
"Rowley","Claudine",1757,"claudine.rowley@industrias.com"
"Roy","Harald",5765,"harald.roy@web.de"
"Rubio","Felix",1729,"felix.rubio@ebert.de"
"Rudolph","David",3131,"david.rudolph@nelson.com"
"Ruiz","Greca",1471,"greca.ruiz@carr.co.uk"
"Ruppert","Fidel",2794,"fidel.ruppert@yahoo.co.uk"
"Russell","Hailey",4945,"hailey.russell@jourdan.org"
"Rust","Ottavio",3429,"ottavio.rust@crespi.com"
"Ryan","Colette",5849,"colette.ryan@hotmail.com"
"Salazar","Arthur",4530,"arthur.salazar@yahoo.com.au"
"Salcedo","Clayton",2157,"clayton.salcedo@hotmail.co.uk"
"Salgado","Diethard",5786,"diethard.salgado@gmail.com"
"Samson","Xavier",1865,"xavier.samson@baggio.it"
"Sanders","Vincentio",5500,"vincentio.sanders@voila.fr"
"Santana","Elliot",6132,"elliot.santana@gmx.de"
"Santiago","Jerry",5512,"jerry.santiago@soprano-ferragni.it"
"Saraceno","Florentine",3032,"florentine.saraceno@gmail.com"
"Sauer","Kurt",4345,"kurt.sauer@almanza.biz"
"Saunders","Mauricio",5461,"mauricio.saunders@hotmail.co.uk"
"Sauvage","Simone",3349,"simone.sauvage@yahoo.com"
"Savage","Editha",5768,"editha.savage@davies.co.uk"
"Savorgnan","Thibault",4922,"thibault.savorgnan@butler.biz"
"Scaduto","Pierpaolo",5388,"pierpaolo.scaduto@sanders-gibson.com.au"
"Schacht","Evan",3850,"evan.schacht@price.com"
"Scheibe","Joshua",2660,"joshua.scheibe@turci.org"
"Schleich","Robin",4577,"robin.schleich@rogers-barrera.biz"
"Schmiedecke","Troy",4797,"troy.schmiedecke@picard.com"
"Schmiedt","Eraldo",4265,"eraldo.schmiedt@hotmail.de"
"Schmitt","Bozena",2392,"bozena.schmitt@vallet.com"
"Schneider","Fortunata",4088,"fortunata.schneider@tiscali.it"
"Scholl","Leonid",1669,"leonid.scholl@collin.com"
"Scholtz","Pierangelo",3259,"pierangelo.scholtz@lefevre.com"
"Schuchhardt","Diana",2812,"diana.schuchhardt@libero.it"
"Schultz","Benjamin",5136,"benjamin.schultz@rivero-davila.com"
"Schwartz","Thierry",5466,"thierry.schwartz@travaglio.net"
"Schweitzer","Irmi",2277,"irmi.schweitzer@ozuna.com"
"Schwital","Gioele",5745,"gioele.schwital@moody.com"
"Scott","Edward",1376,"edward.scott@yahoo.com"
"Segovia","Estela",5881,"estela.segovia@vodafone.it"
"Seifert","Natalia",3657,"natalia.seifert@ifrance.com"
"Serna","Gretchen",3667,"gretchen.serna@pichon.org"
"Serrano","Alexandre",3666,"alexandre.serrano@yahoo.co.uk"
"Sharp","Rita",2205,"rita.sharp@beard-scott.edu.au"
"Shaw","Brigitta",3440,"brigitta.shaw@hotmail.co.uk"
"Siering","Maximilian",2987,"maximilian.siering@gaito-fornaciari.org"
"Simmons","Alphons",1803,"alphons.simmons@hotmail.com"
"Simpson","Ronald",2453,"ronald.simpson@ovadia.net"
"Singh","Vincent",4400,"vincent.singh@gmail.com"
"Sinisi","June",1304,"june.sinisi@manzoni-giannini.it"
"Smith","Alex",5682,"alex.smith@fournier.fr"
"Snow","Anne",1792,"anne.snow@gmail.com"
"Snyder","Yolanda",2251,"yolanda.snyder@gmx.de"
"Solimena","Kathleen",4351,"kathleen.solimena@wallace.biz"
"Soliz","Phillip",2771,"phillip.soliz@outlook.com"
"Sollima","Esmeralda",2862,"esmeralda.sollima@visintini.it"
"Solorzano","Raymond",3569,"raymond.solorzano@gmail.com"
"Sontag","Brenda",2177,"brenda.sontag@solari.com"
"Sorgatz","Samuel",2199,"samuel.sorgatz@gmail.com"
"Sorrentino","Mateo",5661,"mateo.sorrentino@calderon.com"
"Sosa","Ahmad",4034,"ahmad.sosa@gmail.com"
"Soto","Soledad",1334,"soledad.soto@hotmail.de"
"Stadelmann","Venancio",5501,"venancio.stadelmann@gmx.de"
"Stanley","Tonino",5216,"tonino.stanley@hotmail.com"
"Steele","Uberto",3329,"uberto.steele@outlook.com"
"Stein","Gioffre",1276,"gioffre.stein@hotmail.com.au"
"Steinberg","Susi",1664,"susi.steinberg@preiss.com"
"Stewart","Cory",2125,"cory.stewart@voila.fr"
"Stiebitz","Brigitte",1890,"brigitte.stiebitz@gmail.com"
"Stiffel","Jelena",3521,"jelena.stiffel@trupp.de"
"Stoppani","Tomislav",1830,"tomislav.stoppani@corporacin.org"
"Stout","Yvonne",1563,"yvonne.stout@sims.edu"
"Striebitz","Olivia",2951,"olivia.striebitz@gmail.com"
"Strong","Johanne",6105,"johanne.strong@yahoo.de"
"Sullivan","Ottone",4865,"ottone.sullivan@hussain-kaur.com"
"Summers","Carly",5566,"carly.summers@yahoo.co.uk"
"Surian","Romeo",1417,"romeo.surian@batista.com"
"Swanson","Folker",4321,"folker.swanson@rodrigues.fr"
"Sykes","Micheletto",1431,"micheletto.sykes@thompson-thompson.com"
"Tacchini","Emine",4478,"emine.tacchini@dbmail.com"
"Taccola","Pierluigi",2960,"pierluigi.taccola@gmx.de"
"Tafuri","Camille",2336,"camille.tafuri@aol.de"
"Tanguy","Giuseppina",3506,"giuseppina.tanguy@wanadoo.fr"
"Tapia","Meryem",5110,"meryem.tapia@yahoo.com"
"Tate","Jemma",2166,"jemma.tate@hotmail.de"
"Taylor","Hortense",2618,"hortense.taylor@chambers.biz"
"Techer","Riza",6162,"riza.techer@yahoo.com"
"Tejada","Yeni",2632,"yeni.tejada@olson.edu.au"
"Telesio","Beverley",2188,"beverley.telesio@regnier.fr"
"Terragni","Lisa",4320,"lisa.terragni@proyectos.com"
"Tessier","Javier",5472,"javier.tessier@mclaughlin.biz"
"Textor","Alwina",4497,"alwina.textor@poste.it"
"Thanel","Gebhard",5230,"gebhard.thanel@gmail.com"
"Thibault","Hiltrud",1879,"hiltrud.thibault@barbe.com"
"Thomas","Abdul",3070,"abdul.thomas@vasari.com"
"Thompson","Tatiana",3064,"tatiana.thompson@hunt.net"
"Tijerina","Vicente",1268,"vicente.tijerina@montanariello.com"
"Todd","Mehdi",3456,"mehdi.todd@web.de"
"Tomaselli","Margot",4427,"margot.tomaselli@junck.org"
"Tomasini","Pasquale",1873,"pasquale.tomasini@hotmail.co.uk"
"Toro","Rosalia",2842,"rosalia.toro@free.fr"
"Torres","Andrew",4736,"andrew.torres@ruiz-torres.org"
"Toussaint","Erika",5370,"erika.toussaint@sfr.fr"
"Townsend","Mirko",2706,"mirko.townsend@schmitt.com"
"Traetta","Laure",2269,"laure.traetta@kay-perkins.co.uk"
"Tran","Brittany",2917,"brittany.tran@tele2.it"
"Traore","Branka",3251,"branka.traore@jacobi.com"
"Trapanese","Mark",4789,"mark.trapanese@gmail.com"
"Trapp","Veronica",2749,"veronica.trapp@tiscali.it"
"Travaglia","Victoire",1922,"victoire.travaglia@zacchia.com"
"Travaglio","Nadia",1941,"nadia.travaglio@colletti-broggini.com"
"Trevino","Sole",3390,"sole.trevino@hotmail.com"
"Trevisan","Adelgunde",5059,"adelgunde.trevisan@gmail.com"
"Trevisani","Karl",4323,"karl.trevisani@anguissola.it"
"Trincavelli","Iris",1494,"iris.trincavelli@tiscali.fr"
"Trobbiani","Jos",3373,"jos.trobbiani@samson.com"
"Trommler","Jeffrey",5739,"jeffrey.trommler@yahoo.com"
"Trujillo","Mercedes",1394,"mercedes.trujillo@aol.de"
"Tschentscher","Vanessa",5419,"vanessa.tschentscher@mitchell.com"
"Turner","Chad",5911,"chad.turner@gmail.com"
"Ughi","Stefani",3904,"stefani.ughi@hotmail.it"
"Ulibarri","Rachel",2646,"rachel.ulibarri@schueler.com"
"Ullrich","Stella",3169,"stella.ullrich@hotmail.com.au"
"Ungaretti","Celia",1673,"celia.ungaretti@fox.com"
"Vaca","Philippine",2793,"philippine.vaca@hotmail.com"
"Valdez","Esteban",1658,"esteban.valdez@hotmail.com"
"Valdivia","Elizabeth",1544,"elizabeth.valdivia@gmail.com"
"Valencia","Reece",1810,"reece.valencia@laboy-palomo.com"
"Valentin","Magarete",3650,"magarete.valentin@yahoo.com"
"Valentine","Romina",1368,"romina.valentine@hotmail.com"
"Valenzuela","Biagio",2217,"biagio.valenzuela@robinson.info"
"Valle","Rupert",2194,"rupert.valle@filogamo.it"
"Vallee","Laszlo",4520,"laszlo.vallee@verdier.com"
"Vargas","Pam",5441,"pam.vargas@guillot.net"
"Vasari","Lawrence",3144,"lawrence.vasari@castillo.edu"
"Vecellio","Teresa",2966,"teresa.vecellio@yahoo.com"
"Velasco","Cecilia",4661,"cecilia.velasco@rodrigues.fr"
"Velasquez","Matthew",5871,"matthew.velasquez@gmail.com"
"Venier","Ria",3599,"ria.venier@murillo-estevez.com"
"Vercelloni","Augusto",3415,"augusto.vercelloni@club-internet.fr"
"Verdier","Leokadia",2228,"leokadia.verdier@hotmail.com.au"
"Verdugo","Chelsea",6033,"chelsea.verdugo@campbell.com"
"Vespa","Trinidad",4796,"trinidad.vespa@gmail.com"
"Vespucci","Zachary",4798,"zachary.vespucci@industrias.com"
"Vidal","Graziella",1675,"graziella.vidal@hotmail.com"
"Vigliotti","Susan",1939,"susan.vigliotti@yahoo.co.uk"
"Vigorelli","Gordon",2134,"gordon.vigorelli@solano.com"
"Villareal","Blanka",4568,"blanka.villareal@monduzzi.net"
"Villarreal","Frida",3694,"frida.villarreal@hotmail.de"
"Vittadello","Marco",3838,"marco.vittadello@gmail.com"
"Vivaldi","Emilia",3801,"emilia.vivaldi@garnier.fr"
"Vogt","Peter",2851,"peter.vogt@yahoo.com"
"Voisin","Antje",4925,"antje.voisin@gmail.com"
"Vollbrecht","Walburga",3035,"walburga.vollbrecht@aol.de"
"Volta","Sonia",4356,"sonia.volta@gmx.de"
"Wade","Franck",5967,"franck.wade@gute.org"
"Wagenknecht","Reynaldo",6103,"reynaldo.wagenknecht@faure.com"
"Wagner","Martino",3604,"martino.wagner@laposte.net"
"Walker","Greco",3254,"greco.walker@yahoo.com"
"Wall","Alice",3618,"alice.wall@zaccardo.it"
"Wallace","Jaqueline",3241,"jaqueline.wallace@gmail.com"
"Walls","Marguerite",5631,"marguerite.walls@martinez.fr"
"Wang","Bernadette",4519,"bernadette.wang@gmail.com"
"Ward","Oreste",4604,"oreste.ward@proyectos.com"
"Warner","Arnaude",2703,"arnaude.warner@gmail.com"
"Warren","Corrado",3826,"corrado.warren@hotmail.com.au"
"Washington","Leila",2482,"leila.washington@gmail.com"
"Watkins","Israel",2184,"israel.watkins@hotmail.com"
"Watson","Penny",3432,"penny.watson@matthews.net"
"Watts","Cilli",2077,"cilli.watts@yahoo.com"
"Webb","Kim",2430,"kim.webb@yahoo.com.au"
"Weeks","Tristan",2720,"tristan.weeks@pena.com"
"Weihmann","Roland",6047,"roland.weihmann@gmail.com"
"Weinhold","Erin",3173,"erin.weinhold@hotmail.fr"
"Weiss","Aleksandr",5469,"aleksandr.weiss@blanc.org"
"Weitzel","Timothy",2996,"timothy.weitzel@gmail.com"
"Weller","Amber",2081,"amber.weller@toso.eu"
"Wells","Emiliano",5662,"emiliano.wells@gmx.de"
"West","Dragica",3710,"dragica.west@yahoo.com.au"
"Weston","Mandy",4220,"mandy.weston@free.fr"
"Wheeler","Juan",4369,"juan.wheeler@gilmore.net"
"White","Reinhilde",5753,"reinhilde.white@voila.fr"
"Wieloch","Bernardo",4439,"bernardo.wieloch@budig.com"
"Wiley","Jake",5260,"jake.wiley@outlook.com"
"Williams","Geoffrey",2165,"geoffrey.williams@poste.it"
"Willis","Espartaco",2441,"espartaco.willis@hotmail.com"
"Wilms","Patrizia",6205,"patrizia.wilms@dbmail.com"
"Wilson","Pedro",6151,"pedro.wilson@outlook.com"
"Wohlgemut","Augustin",5470,"augustin.wohlgemut@watson.info"
"Wong","Natividad",4852,"natividad.wong@hoevel.com"
"Wood","Denise",5720,"denise.wood@mantegna.com"
"Woods","Sofie",4187,"sofie.woods@riviere.com"
"Wright","Modesto",3533,"modesto.wright@pareto.com"
"Wulf","Adriano",5995,"adriano.wulf@schmidtke.net"
"Yoder","Flavia",1243,"flavia.yoder@hotmail.de"
"Zaccagnini","Katharine",1670,"katharine.zaccagnini@hotmail.com"
"Zambrano","Erica",2777,"erica.zambrano@gmail.com"
"Zamora","Ingolf",3707,"ingolf.zamora@yahoo.com.au"
"Zamorani","Kathy",5385,"kathy.zamorani@hotmail.com"
"Zavala","Adam",2288,"adam.zavala@guichard.fr"
"Zichichi","Eugenia",2480,"eugenia.zichichi@yahoo.com"
"Zimmer","Heather",4618,"heather.zimmer@bluemel.de"
"Zito","Paulo",4532,"paulo.zito@nelson.biz"
"Zoppetto","Marie",4093,"marie.zoppetto@kallert.de"
